
INSERT INTO heroku_6d371b0dc656c0a.category (id, name) VALUES
(1, 'Combos'),
(2, 'Sides'),
(3, 'Drinks'),
(4, 'Desserts');



INSERT INTO heroku_6d371b0dc656c0a.product (id, title, description, price, category_id, url) VALUES
(1, '1 Chicken Sandwich w/fries', 'A delicious chicken sandwich served with fries', 11.99, 1, 'https://plus.unsplash.com/premium_photo-1683121324230-2702ea6b47be?q=80&w=2940&auto=format&fit=crop&ixlib=rb-4.0.3&ixid=M3wxMjA3fDB8MHxwaG90oy1wYWdlfHx8fGVufDB8fHx8fA%3D%3D'),
(2, '2 Chicken Sandwich w/fries', 'Two chicken sandwiches served with fries', 14.99, 1, 'https://plus.unsplash.com/premium_photo-1683121324230-2702ea6b47be?q=80&w=2940&auto=format&fit=crop&ixlib=rb-4.0.3&ixid=M3wxMjA3fDB8MHxwaG90oy1wYWdlfHx8fGVufDB8fHx8fA%3D%3D'),
(3, '3 Piece Tenders/Fries', 'Three crispy chicken tenders served with fries', 11.99, 1, 'https://plus.unsplash.com/premium_photo-1683121324230-2702ea6b47be?q=80&w=2940&auto=format&fit=crop&ixlib=rb-4.0.3&ixid=M3wxMjA3fDB8MHxwaG90oy1wYWdlfHx8fGVufDB8fHx8fA%3D%3D'),
(4, '6 Wings w/Fries', 'Six wings served with fries', 10.99, 1, 'https://plus.unsplash.com/premium_photo-1683121324230-2702ea6b47be?q=80&w=2940&auto=format&fit=crop&ixlib=rb-4.0.3&ixid=M3wxMjA3fDB8MHxwaG90oy1wYWdlfHx8fGVufDB8fHx8fA%3D%3D'),
(5, '10 Wings w/Fries', 'Ten wings served with fries', 13.99, 1, 'https://plus.unsplash.com/premium_photo-1683121324230-2702ea6b47be?q=80&w=2940&auto=format&fit=crop&ixlib=rb-4.0.3&ixid=M3wxMjA3fDB8MHxwaG90oy1wYWdlfHx8fGVufDB8fHx8fA%3D%3D'),
(6, 'Loaded Fries', 'Fries topped with cheese and bacon', 10.99, 1, 'https://plus.unsplash.com/premium_photo-1683121324230-2702ea6b47be?q=80&w=2940&auto=format&fit=crop&ixlib=rb-4.0.3&ixid=M3wxMjA3fDB8MHxwaG90oy1wYWdlfHx8fGVufDB8fHx8fA%3D%3D'),
(7, 'Smoothies', 'Strawberry/Banana/Mango/Pineapple mixed berry smoothie', 6.99, 2, 'https://plus.unsplash.com/premium_photo-1683121324230-2702ea6b47be?q=80&w=2940&auto=format&fit=crop&ixlib=rb-4.0.3&ixid=M3wxMjA3fDB8MHxwaG90oy1wYWdlfHx8fGVufDB8fHx8fA%3D%3D'),
(8, 'Soda Fountain Small', 'Refreshing soda available in a small size', 2.99, 2, 'https://plus.unsplash.com/premium_photo-1683121324230-2702ea6b47be?q=80&w=2940&auto=format&fit=crop&ixlib=rb-4.0.3&ixid=M3wxMjA3fDB8MHxwaG90oy1wYWdlfHx8fGVufDB8fHx8fA%3D%3D'),
(9, 'Soda Fountain Large', 'Refreshing soda available in a large size', 3.99, 2, 'https://plus.unsplash.com/premium_photo-1683121324230-2702ea6b47be?q=80&w=2940&auto=format&fit=crop&ixlib=rb-4.0.3&ixid=M3wxMjA3fDB8MHxwaG90oy1wYWdlfHx8fGVufDB8fHx8fA%3D%3D'),
(10, 'Water & bottle soda', 'Bottled water and soda', 2.25, 2, 'https://plus.unsplash.com/premium_photo-1683121324230-2702ea6b47be?q=80&w=2940&auto=format&fit=crop&ixlib=rb-4.0.3&ixid=M3wxMjA3fDB8MHxwaG90oy1wYWdlfHx8fGVufDB8fHx8fA%3D%3D'),
(11, 'Soda bottle', 'Bottled soda', 3.00, 2, 'https://plus.unsplash.com/premium_photo-1683121324230-2702ea6b47be?q=80&w=2940&auto=format&fit=crop&ixlib=rb-4.0.3&ixid=M3wxMjA3fDB8MHxwaG90oy1wYWdlfHx8fGVufDB8fHx8fA%3D%3D'),
(12, 'Fries Small', 'A small serving of fries', 2.99, 3, 'https://plus.unsplash.com/premium_photo-1683121324230-2702ea6b47be?q=80&w=2940&auto=format&fit=crop&ixlib=rb-4.0.3&ixid=M3wxMjA3fDB8MHxwaG90oy1wYWdlfHx8fGVufDB8fHx8fA%3D%3D'),
(13, 'Fries Large', 'A large serving of fries', 4.99, 3, 'https://plus.unsplash.com/premium_photo-1683121324230-2702ea6b47be?q=80&w=2940&auto=format&fit=crop&ixlib=rb-4.0.3&ixid=M3wxMjA3fDB8MHxwaG90oy1wYWdlfHx8fGVufDB8fHx8fA%3D%3D'),
(14, 'Mash Potatoes & Gravy', 'Creamy mashed potatoes with gravy', 4.99, 3, 'https://plus.unsplash.com/premium_photo-1683121324230-2702ea6b47be?q=80&w=2940&auto=format&fit=crop&ixlib=rb-4.0.3&ixid=M3wxMjA3fDB8MHxwaG90oy1wYWdlfHx8fGVufDB8fHx8fA%3D%3D'),
(15, 'Macaroni & Cheese', 'Classic macaroni and cheese', 4.99, 3, 'https://plus.unsplash.com/premium_photo-1683121324230-2702ea6b47be?q=80&w=2940&auto=format&fit=crop&ixlib=rb-4.0.3&ixid=M3wxMjA3fDB8MHxwaG90oy1wYWdlfHx8fGVufDB8fHx8fA%3D%3D'),
(16, 'Corn on The Cob', 'Fresh corn on the cob', 4.99, 3, 'https://plus.unsplash.com/premium_photo-1683121324230-2702ea6b47be?q=80&w=2940&auto=format&fit=crop&ixlib=rb-4.0.3&ixid=M3wxMjA3fDB8MHxwaG90oy1wYWdlfHx8fGVufDB8fHx8fA%3D%3D'),
(17, 'Chicken Donut', 'Donut with chicken filling', 2.99, 3, 'https://plus.unsplash.com/premium_photo-1683121324230-2702ea6b47be?q=80&w=2940&auto=format&fit=crop&ixlib=rb-4.0.3&ixid=M3wxMjA3fDB8MHxwaG90oy1wYWdlfHx8fGVufDB8fHx8fA%3D%3D'),
(18, 'Chicken Sandwich', 'Crispy chicken sandwich', 5.99, 3, 'https://plus.unsplash.com/premium_photo-1683121324230-2702ea6b47be?q=80&w=2940&auto=format&fit=crop&ixlib=rb-4.0.3&ixid=M3wxMjA3fDB8MHxwaG90oy1wYWdlfHx8fGVufDB8fHx8fA%3D%3D'),
(19, 'Fried Cheesecake', 'Delicious fried cheesecake', 6.99, 4, 'https://plus.unsplash.com/premium_photo-1683121324230-2702ea6b47be?q=80&w=2940&auto=format&fit=crop&ixlib=rb-4.0.3&ixid=M3wxMjA3fDB8MHxwaG90oy1wYWdlfHx8fGVufDB8fHx8fA%3D%3D');

INSERT INTO heroku_6d371b0dc656c0a.role (id, name)
VALUES
(1, 'ADMIN'),
(2, 'USER');
